insert into Playlist (PLID, Name, LastCall) values (1, 'chillout','2024-09-16');
insert into Playlist (PLID, Name, LastCall) values (2, 'danceout','2024-09-17');
insert into Playlist (PLID, Name, LastCall) values (3, 'hard n heavy','2024-09-16');
insert into Playlist (PLID, Name, LastCall) values (4, 'epic','2024-09-21');


insert into Genre (GID, Description) values (1, 'Rock');
insert into Genre (GID, Description) values (2, 'Pop');
insert into Genre (GID, Description) values (3, 'Trip Hop');
insert into Genre (GID, Description) values (4, 'Folk');

insert into Title (TID, Name, DurationInSec, PLID, GID) values (1, 'Sit Back Down',396,1,2);
insert into Title (TID, Name, DurationInSec, PLID, GID) values (2, 'I Will Fade',189,1,2);
insert into Title (TID, Name, DurationInSec, PLID, GID) values (3, 'Out of Sight',236,4,3);
insert into Title (TID, Name, DurationInSec, PLID, GID) values (4, 'Gorecki',390,4,3);
insert into Title (TID, Name, DurationInSec, PLID, GID) values (5, 'Butterfly Caught',455,1,3);
insert into Title (TID, Name, DurationInSec, PLID, GID) values (6, 'Aotearoa',266,4,3);
insert into Title (TID, Name, DurationInSec, PLID, GID) values (7, 'Sad But True',469,2,3);
insert into Title (TID, Name, DurationInSec, PLID, GID) values (8, 'Science Friction',304,2,3);
insert into Title (TID, Name, DurationInSec, PLID, GID) values (9, 'Are We Here?',934,2,3);
insert into Title (TID, Name, DurationInSec, PLID, GID) values (10, 'Soul for Me',243,1,3);
insert into Title (TID, Name, DurationInSec, PLID, GID) values (11, 'Idioteque',309,4,1);
insert into Title (TID, Name, DurationInSec, PLID, GID) values (12, 'The World Is Our',432,3,1);
insert into Title (TID, Name, DurationInSec, PLID, GID) values (13, 'Remedies',378,3,1);



